{"operations":[{"id":"Service.InviteUser","enabled":true,"aliases":[],"signature":["void","void"],"category":"Services","label":"Invite a user","requires":null,"since":"","description":"Send invitation for user to create account.","params":[{"name":"Output Variable","description":"","type":"string","widget":null,"values":[],"order":0,"required":true},{"name":"email","description":"","type":"string","widget":null,"values":[],"order":0,"required":true},{"name":"first_name","description":"","type":"string","widget":null,"values":[],"order":0,"required":true},{"name":"last_name","description":"","type":"string","widget":null,"values":[],"order":0,"required":true},{"name":"autoAccept","description":"","type":"boolean","widget":null,"values":[],"order":0,"required":false},{"name":"comment","description":"","type":"string","widget":null,"values":[],"order":0,"required":false},{"name":"groups","description":"","type":"string[]","widget":null,"values":[],"order":0,"required":false},{"name":"info","description":"","type":"map","widget":null,"values":[],"order":0,"required":false},{"name":"validationMethod","description":"","type":"userinvitationservice$validationmethod","widget":null,"values":[],"order":0,"required":false}]}]}