{"images":[{"name":"rating.png","resourceType":"IMAGE"}],"facets":[{"schemas":["rated"],"id":"Rated"}],"xsds":[{"name":"rated.xsd","resourceType":"XSD"},{"name":"rating.xsd","resourceType":"XSD"}],"operations":[{"id":"Rate","enabled":true,"aliases":[],"signature":["document","document"],"category":"Document","label":"Rate","requires":null,"since":"","description":"","params":[{"name":"comment","description":"","type":"string","widget":null,"values":[],"order":0,"required":true},{"name":"rating","description":"","type":"int","widget":null,"values":[],"order":0,"required":true}]},{"id":"GetRating","enabled":true,"aliases":[],"signature":["document","blob"],"category":"Document","label":"Rate","requires":null,"since":"","description":"","params":[]}],"doctypes":{"Rating":{"parent":"Document","schemas":["rating","dublincore","common","uid"],"enabled":true,"facets":["HiddenInNavigation"]},"RatingContainer":{"parent":"Folder","schemas":["uid"],"enabled":true,"facets":["HiddenInNavigation"]}},"schemas":{"rating":{"@prefix":"rating","headId":"string","versionId":"string","docId":"string","rating":"integer","username":"string","comment":"string"},"rated":{"@prefix":"rated","avg":"double","count":"integer"}}}