{"facets":[{"schemas":["compound"],"id":"CompoundDocument"},{"schemas":[],"id":"CompoundDocumentFolder"}],"operations":[{"id":"javascript.GetCompoundDocumentType","enabled":true,"aliases":[],"signature":["document","string"],"category":"javascript","label":"javascript.GetCompoundDocumentType","requires":null,"since":null,"description":"Returns the compound document type based on the given entries.","params":[{"name":"entries","description":null,"type":"strings","widget":null,"values":[],"order":0,"required":false}]},{"id":"javascript.GetCompoundDocumentFolderType","enabled":true,"aliases":[],"signature":["document","string"],"category":"javascript","label":"javascript.GetCompoundDocumentFolderType","requires":null,"since":null,"description":"Returns the compound document folder type based on the given document.","params":[]},{"id":"javascript.GetCompoundDocumentPreview","enabled":true,"aliases":[],"signature":["document","document"],"category":"javascript","label":"javascript.GetCompoundDocumentPreview","requires":null,"since":null,"description":"Returns the compound document preview based on the given document.","params":[]}],"doctypes":{"CompoundDocument":{"parent":"Document","schemas":["dublincore"],"enabled":true,"facets":["CompoundDocument","Folderish"]},"CompoundDocumentFolder":{"parent":"Document","schemas":["dublincore"],"enabled":true,"facets":["Folderish"]}},"schemas":{"compound":{"@prefix":"cp","preview":"string","files":{"type":"complex","fields":{"item":"file-compound"}}}}}