{"operations":[{"id":"Video.Storyboard","enabled":true,"aliases":[],"signature":["document","document"],"category":"Video","label":"Generate a storyboard","requires":null,"since":"","description":"Generate a storyboard for the input video document","params":[{"name":"save","description":"Save modification made to the input document","type":"boolean","widget":null,"values":[],"order":0,"required":false},{"name":"timecodeListInSeconds","description":"List of timecodes in seconds","type":"list","widget":null,"values":[],"order":0,"required":false}]},{"id":"Video.Preview","enabled":true,"aliases":[],"signature":["document","document"],"category":"Video","label":"Generate a preview and thumbnail","requires":null,"since":"","description":"Generate a preview and thumbnail image for the input video document","params":[{"name":"save","description":"Save modification made to the input document","type":"boolean","widget":null,"values":[],"order":0,"required":false},{"name":"timecodeInSecond","description":"Timecode in second","type":"double","widget":null,"values":[],"order":0,"required":false}]},{"id":"Video.Screenshot","enabled":true,"aliases":[],"signature":["blob","blob"],"category":"Video","label":"Generate a screenshot","requires":null,"since":"","description":"Generate a screenshot","params":[{"name":"timecodeInSecond","description":"Timecode in second","type":"double","widget":null,"values":[],"order":0,"required":true}]},{"id":"Video.AddConversion","enabled":true,"aliases":[],"signature":["document","document"],"category":"Video","label":"Add a stored conversion","requires":null,"since":"","description":"Add a stored conversion","params":[{"name":"name","description":"","type":"string","widget":null,"values":[],"order":0,"required":true},{"name":"videoBlob","description":"","type":"blob","widget":null,"values":[],"order":0,"required":true},{"name":"save","description":"","type":"boolean","widget":null,"values":[],"order":0,"required":false}]}]}