{"operations":[{"id":"Convert.SpeechToTextForDocument","enabled":true,"aliases":[],"signature":["document","document"],"category":"Conversion","label":"Document: Speech to Text","requires":null,"since":"","description":"Send the blob found in blobXpath (default file:content) to SpeechToText, using the languageCode. Return the transcript in the transcriptXpath field. Optionaly save the document (default false) If the blob is not a FLAC or a WAV audio, a conversion will be sent to the service. Misc. options can be set (punctuation, wordTimeOffsets.) If resultVarName is not empty this context variable is set to the SpeechToTextResponse object which has more accessors like accessing the worg time offsets","params":[{"name":"languageCode","description":"","type":"string","widget":null,"values":["en-US"],"order":0,"required":true},{"name":"transcriptXpath","description":"","type":"string","widget":null,"values":[],"order":0,"required":true},{"name":"blobXpath","description":"","type":"string","widget":null,"values":["file:content"],"order":0,"required":false},{"name":"moreOptionsJSONStr","description":"","type":"string","widget":null,"values":[],"order":0,"required":false},{"name":"resultVarName","description":"","type":"string","widget":null,"values":[],"order":0,"required":false},{"name":"saveDocument","description":"","type":"boolean","widget":null,"values":["false"],"order":0,"required":false},{"name":"withPunctuation","description":"","type":"boolean","widget":null,"values":["true"],"order":0,"required":false},{"name":"withWordTimeOffets","description":"","type":"boolean","widget":null,"values":["false"],"order":0,"required":false}]},{"id":"Convert.SpeechToTextForBlob","enabled":true,"aliases":[],"signature":["blob","blob"],"category":"Conversion","label":"Blob: Speech to Text","requires":null,"since":"","description":"Send the input blob to the SpeechToText service, using the languageCode. If the blob is a FLAC or a WAV audio file, audioEncoding and sampleRateHertz are optional and can be ommited. If passed, audioEncoding must be a valid value, case sensitive (LINEAR16, FLAC, MULAW ... Misc. options can be set (punctuation, wordTimeOffsets.) The resultVarName context variable is set to the SpeechToTextResponse object with the transcript, word time offsets ... The operation returns the input blob unchanged","params":[{"name":"languageCode","description":"","type":"string","widget":null,"values":["en-US"],"order":0,"required":true},{"name":"resultVarName","description":"","type":"string","widget":null,"values":[],"order":0,"required":true},{"name":"audioEncoding","description":"","type":"string","widget":null,"values":[],"order":0,"required":false},{"name":"moreOptionsJSONStr","description":"","type":"string","widget":null,"values":[],"order":0,"required":false},{"name":"sampleRateHertz","description":"","type":"int","widget":null,"values":[],"order":0,"required":false},{"name":"withPunctuation","description":"","type":"boolean","widget":null,"values":["true"],"order":0,"required":false},{"name":"withWordTimeOffets","description":"","type":"boolean","widget":null,"values":["false"],"order":0,"required":false}]}]}