{"facets":[{"schemas":["documents_count_statistics"],"id":"DocumentsCountStatistics"},{"schemas":["documents_size_statistics"],"id":"DocumentsSizeStatistics"}],"operations":[{"id":"Quotas.GetInfo","enabled":true,"aliases":[],"signature":["document","jsonadapter","document","jsonadapter","void","jsonadapter"],"category":"Quotas","label":"Get Quota info","requires":null,"since":"","description":"Returns the Quota Infos (innerSize, totalSize and maxQuota) for a DocumentModel","params":[{"name":"documentRef","description":"","type":"document","widget":null,"values":[],"order":0,"required":false}]},{"id":"Quotas.SetMaxSize","enabled":true,"aliases":[],"signature":["document","long","document","long","void","long"],"category":"Quotas","label":"Set max Quota size for the target DocumentModel","requires":null,"since":"","description":"Set the maximum size of the target DocumentModel, use -1 to make Quota checks innative","params":[{"name":"targetSize","description":"","type":"long","widget":null,"values":[],"order":0,"required":true},{"name":"documentRef","description":"","type":"document","widget":null,"values":[],"order":0,"required":false}]},{"id":"Quotas.GetStatistics","enabled":true,"aliases":[],"signature":["void","blob"],"category":"Quotas","label":"Get Quota statistics","requires":null,"since":"","description":"Returns the Quota Infos (innerSize, totalSize and maxQuota) for a DocumentModel","params":[{"name":"documentRef","description":"","type":"document","widget":null,"values":[],"order":0,"required":true},{"name":"language","description":"","type":"string","widget":null,"values":[],"order":0,"required":false}]},{"id":"Quotas.RecomputeStatistics","enabled":true,"aliases":[],"signature":["void","string"],"category":"Quotas","label":"Recompute quota statistics on documents, optionally only for a tenant, user or path","requires":null,"since":"","description":"","params":[{"name":"path","description":"","type":"string","widget":null,"values":[],"order":0,"required":false},{"name":"tenantId","description":"","type":"string","widget":null,"values":[],"order":0,"required":false},{"name":"updaterName","description":"","type":"string","widget":null,"values":[],"order":0,"required":false},{"name":"username","description":"","type":"string","widget":null,"values":[],"order":0,"required":false}]},{"id":"Quota.GetStatsUpdaters","enabled":true,"aliases":[],"signature":["void","blob"],"category":"Quotas","label":"Quota: Get Stats Updaters","requires":null,"since":"","description":"Get the updaters (to display in the UI)","params":[]},{"id":"Quota.GetStatus","enabled":true,"aliases":[],"signature":["void","blob"],"category":"Quotas","label":"Quota: Get Status","requires":null,"since":"","description":"Get status of quotas, returns a JSON array of updater label and status.","params":[]},{"id":"Quota.LaunchInitialComputation","enabled":true,"aliases":[],"signature":["void","void"],"category":"Quotas","label":"Quota: Launch Initial Computation","requires":null,"since":"","description":"Launch the (asynchronous) computation for the updater passed as parameter.","params":[{"name":"updaterName","description":"","type":"string","widget":null,"values":[],"order":0,"required":true}]},{"id":"Quota.GetConfigurationAndInfo","enabled":true,"aliases":[],"signature":["void","blob"],"category":"Quotas","label":"Quota: Get Configuration","requires":null,"since":"","description":"Return the misc configuration settings","params":[]},{"id":"Quota.SetOnUserWorkspaces","enabled":true,"aliases":[],"signature":["void","blob"],"category":"Quotas","label":"Quota: Set on User Workspaces","requires":null,"since":"","description":"Activate quota on all user workspaces.","params":[{"name":"maxSize","description":"","type":"long","widget":null,"values":[],"order":0,"required":true}]},{"id":"Quota.GetContainerQuota","enabled":true,"aliases":[],"signature":["document","blob"],"category":"Quotas","label":"Quota: Get Container Quota","requires":null,"since":"","description":"Return the quota info on the input container. quotaValue <= 0 means no quota is set. Also return info on the max possible size.","params":[]}],"doctypes":{"quota_heaviest_containers_cv":{"parent":"Document","schemas":["quota_heaviest_containers_cv"],"enabled":true,"facets":[]}},"schemas":{"documents_count_statistics":{"@prefix":"dcs","childrenCount":"long","descendantsCount":"long"},"documents_size_statistics":{"@prefix":"dss","innerSize":"long","totalSize":"long","sizeTrash":"long","sizeVersions":"long","maxSize":"long"},"quota_heaviest_containers_cv":{"@prefix":"quota_heaviest_containers_cv","dublincore_title":"string","documents_size_statistics_totalSize_min":"integer","documents_size_statistics_totalSize_max":"integer"}},"op_rest_bindings":["org.nuxeo.ecm.quota.automation.RecomputeQuotaStatistics"]}