{"operations":[{"id":"Labs.BulkDownloadZip","enabled":true,"aliases":[],"signature":["documents","blob"],"category":"Labs","label":"Labs ZIP Bulk Download","requires":null,"since":"","description":"Describe here what your operation does.","params":[{"name":"filename","description":"","type":"string","widget":null,"values":[],"order":0,"required":false},{"name":"pageprovider","description":"","type":"string","widget":null,"values":[],"order":0,"required":false},{"name":"zipMethod","description":"Zip compression method, either deflated or stored (default)","type":"string","widget":null,"values":[],"order":0,"required":false}]}]}