{"vocabularies":[{"parent":null,"id":"aikind","hierarchical":false}],"page_providers":["doctypes_pp","enrichments_pp","docs_filled","docs_corrected","docs_others"],"facets":[{"schemas":["caption"],"id":"Captionable"},{"schemas":["enrichment"],"id":"Enrichable"}],"operations":[{"id":"AI.Enrichment","enabled":true,"aliases":[],"signature":["document","document","documents","documents"],"category":"Document","label":"Directly call an enrichment provider","requires":null,"since":"","description":"Calls an enrichment provider on the provided document(s)","params":[{"name":"enrichmentName","description":"The name of the enrichment provider to call","type":"string","widget":null,"values":[],"order":0,"required":true},{"name":"outputVariable","description":"The key of the context output variable. The output variable is a list of EnrichmentMetadata objects. ","type":"string","widget":null,"values":[],"order":0,"required":true},{"name":"blobProperties","description":"","type":"stringlist","widget":null,"values":[],"order":0,"required":false},{"name":"blobTypeProperties","description":"blob list with type. Key is property name, value is type (img, txt, cat)","type":"properties","widget":null,"values":[],"order":0,"required":false},{"name":"textProperties","description":"","type":"stringlist","widget":null,"values":[],"order":0,"required":false}]},{"id":"AI.AutoProperties","enabled":true,"aliases":[],"signature":["document","document","document","document","void","document"],"category":"Document","label":"Auto-calculate document properties","requires":null,"since":"","description":"","params":[{"name":"autoAction","description":"Allowed values are FILL, CORRECT, ALL","type":"string","widget":null,"values":[],"order":0,"required":false},{"name":"document","description":"A document","type":"document","widget":null,"values":[],"order":0,"required":false},{"name":"save","description":"Should the document be saved?","type":"boolean","widget":null,"values":[],"order":0,"required":false}]}],"doctypes":{"DocTypesPP":{"parent":"Document","schemas":["doctypes_pp_schema"],"enabled":true,"facets":[]}},"schemas":{"caption":{"@prefix":"cap","captions":{"type":"complex","fields":{"caption":{"type":"complex","fields":{"lang":"string","vtt":{"type":"complex","fields":{"encoding":"string","mime-type":"string","data":"binary","name":"string","length":"long","digest":"string"}}}}}}},"enrichment":{"@prefix":"enrichment","items":{"type":"complex","fields":{"item":{"type":"complex","fields":{"model":"string","raw":{"type":"complex","fields":{"encoding":"string","mime-type":"string","data":"binary","name":"string","length":"long","digest":"string"}},"normalized":{"type":"complex","fields":{"encoding":"string","mime-type":"string","data":"binary","name":"string","length":"long","digest":"string"}},"inputProperties":"stringList","suggestions":{"type":"complex","fields":{"suggestion":{"type":"complex","fields":{"property":"string","labels":{"type":"complex","fields":{"value":{"type":"complex","fields":{"label":"string","confidence":"float","timestamp":"long"}}}}}}}}}}}},"filled":{"type":"complex","fields":{"prediction":{"type":"complex","fields":{"xpath":"string","model":"string"}}}},"corrected":{"type":"complex","fields":{"prediction":{"type":"complex","fields":{"xpath":"string","model":"string"}}}},"history":{"type":"complex","fields":{"encoding":"string","mime-type":"string","data":"binary","name":"string","length":"long","digest":"string"}}},"doctypes_pp_schema":{"@prefix":"doctypes_pp_schema","doctypes_agg":"string","filled_agg":"string","corrected_agg":"string","doctypes":"string"}},"directories":[],"events":{"ENRICHMENT_MODIFIED":"Enrichment modified"}}