{"facets":[{"schemas":["compound"],"id":"Compound"}],"xsds":[{"name":"compound.xsd","resourceType":"XSD"}],"operations":[{"id":"compoundToZip","enabled":true,"aliases":[],"signature":["documents","documents","documents","document","documents","blob","documents","bloblist","documents","void","document","documents","document","document","document","blob","document","bloblist","document","void","blob","documents","blob","document","blob","blob","blob","bloblist","blob","void","bloblist","documents","bloblist","document","bloblist","blob","bloblist","bloblist","bloblist","void","void","documents","void","document","void","blob","void","bloblist","void","void"],"category":"Chain","label":"compoundToZip","requires":null,"since":"","description":null,"params":[]},{"id":"Compound.ToZip","enabled":true,"aliases":[],"signature":["document","blob"],"category":"Conversion","label":"Zip Compound Document","requires":null,"since":"","description":"Zip Compound Document","params":[{"name":"pageProviderName","description":"","type":"string","widget":null,"values":[],"order":0,"required":false}]},{"id":"ExportStructureToFS","enabled":true,"aliases":[],"signature":["void","void"],"category":"Services","label":"ExportStructureToFS","requires":null,"since":"","description":"This operation enables to export the structure contained in the Root name path to the File System Target path. You can declare your own query to choose the document being exported.","params":[{"name":"File System Target","description":"","type":"string","widget":null,"values":[],"order":0,"required":true},{"name":"Root Path","description":"","type":"string","widget":null,"values":[],"order":0,"required":true},{"name":"Query","description":"","type":"string","widget":null,"values":[],"order":0,"required":false}]},{"id":"javascript.utils_get_compound_type","enabled":true,"aliases":[],"signature":["document","string"],"category":"javascript","label":"javascript.utils_get_compound_type","requires":null,"since":null,"description":"","params":[]},{"id":"javascript.utils_get_compound_sub_folder_type","enabled":true,"aliases":[],"signature":["document","string"],"category":"javascript","label":"javascript.utils_get_compound_sub_folder_type","requires":null,"since":null,"description":"","params":[{"name":"parentPath","description":null,"type":"string","widget":null,"values":[],"order":0,"required":false},{"name":"folderName","description":null,"type":"string","widget":null,"values":[],"order":0,"required":false}]}],"schemas":{"compound":{"@prefix":"compound","previewDocument":"string","thumbnailDocument":"string"}}}