{"facets":[{"schemas":["common-3d","file"],"id":"NX3D"}],"operations":[{"id":"NX3D.ConvertOBJToGLB","enabled":true,"aliases":[],"signature":["document","blob"],"category":"Document","label":"NX3D.ConvertOBJToGLB","requires":null,"since":"","description":"Converts an OBJ Blob present in a document to GLB and returns the same","params":[{"name":"targetBlobName","description":"","type":"string","widget":null,"values":[],"order":0,"required":false}]},{"id":"NX3D.ConvertCUSTOMToGLB","enabled":true,"aliases":[],"signature":["document","blob"],"category":"Document","label":"NX3D.ConvertCUSTOMToGLB","requires":null,"since":"","description":"Converts an OBJ Blob present in a document to GLB and returns the same","params":[{"name":"targetBlobName","description":"","type":"string","widget":null,"values":[],"order":0,"required":false}]},{"id":"ExportStructureToFS","enabled":true,"aliases":[],"signature":["void","void"],"category":"Services","label":"ExportStructureToFS","requires":null,"since":"","description":"This operation enables to export the structure contained in the Root name path to the File System Target path. You can declare your own query to choose the document being exported.","params":[{"name":"File System Target","description":"","type":"string","widget":null,"values":[],"order":0,"required":true},{"name":"Root Path","description":"","type":"string","widget":null,"values":[],"order":0,"required":true},{"name":"Query","description":"","type":"string","widget":null,"values":[],"order":0,"required":false}]},{"id":"javascript.GetSupportedMimeTypesOperation","enabled":true,"aliases":[],"signature":["document","string"],"category":"javascript","label":"javascript.GetSupportedMimeTypesOperation","requires":null,"since":null,"description":"","params":[]}],"doctypes":{"NX3D":{"parent":"Document","schemas":["common","dublincore","uid"],"enabled":true,"facets":["NX3D","Commentable","Versionable","NXTag"]}},"schemas":{"common-3d":{"@prefix":"nx3d","renditions":{"type":"complex","fields":{"item":"rendition"}},"views":{"type":"complex","fields":{"item":"rendition"}}}}}