{"vocabularies":[{"parent":null,"id":"aikind","hierarchical":false},{"parent":null,"id":"aidatatypes","hierarchical":false}],"csvs":[{"name":"InputOutputDataType.csv","resourceType":"CSV"}],"page_providers":["doctypes_pp","enrichments_pp","docs_filled","docs_corrected","docs_others"],"facets":[{"schemas":["caption"],"id":"Captionable"},{"schemas":["enrichment"],"id":"Enrichable"},{"schemas":["deduplication"],"id":"Deduplicable"}],"xsds":[{"name":"dataset_export.xsd","resourceType":"XSD"}],"operations":[{"id":"AI.Enrichment","enabled":true,"aliases":[],"signature":["document","document","documents","documents"],"category":"Document","label":"Directly call an enrichment provider","requires":null,"since":"","description":"Calls an enrichment provider on the provided document(s)","params":[{"name":"enrichmentName","description":"The name of the enrichment provider to call","type":"string","widget":null,"values":[],"order":0,"required":true},{"name":"outputVariable","description":"The key of the context output variable. The output variable is a list of EnrichmentMetadata objects. ","type":"string","widget":null,"values":[],"order":0,"required":true},{"name":"blobProperties","description":"","type":"stringlist","widget":null,"values":[],"order":0,"required":false},{"name":"blobTypeProperties","description":"blob list with type. Key is property name, value is type (img, txt, cat)","type":"properties","widget":null,"values":[],"order":0,"required":false},{"name":"textProperties","description":"","type":"stringlist","widget":null,"values":[],"order":0,"required":false}]},{"id":"AI.AutoProperties","enabled":true,"aliases":[],"signature":["document","document","document","document","void","document"],"category":"Document","label":"Auto-calculate document properties","requires":null,"since":"","description":"","params":[{"name":"autoAction","description":"Allowed values are FILL, CORRECT, ALL","type":"string","widget":null,"values":[],"order":0,"required":false},{"name":"document","description":"A document","type":"document","widget":null,"values":[],"order":0,"required":false},{"name":"save","description":"Should the document be saved?","type":"boolean","widget":null,"values":[],"order":0,"required":false}]},{"id":"AICore.InitAudit","enabled":true,"aliases":[],"signature":["void","object"],"category":"AICore","label":"Init Audit","requires":null,"since":"","description":"Init audit for metrics","params":[{"name":"modelName","description":"","type":"string","widget":null,"values":[],"order":0,"required":true}]},{"id":"AICore.InitDatasetDocuments","enabled":true,"aliases":[],"signature":["void","object"],"category":"Insight","label":"Create the dataset documents","requires":null,"since":"","description":"","params":[]},{"id":"AI.Datasource","enabled":true,"aliases":[],"signature":["void","string"],"category":"Local Configuration","label":"Datasource configuration","requires":null,"since":"","description":"Get Datasource label for the current instance","params":[]},{"id":"AI.DatasetExport","enabled":true,"aliases":[],"signature":["void","string"],"category":"Services","label":"Bulk export a dataset","requires":null,"since":"","description":"Run a bulk export on a set of documents expressed by a NXQL query.","params":[{"name":"query","description":"","type":"string","widget":null,"values":[],"order":0,"required":true},{"name":"inputProperties","description":"","type":"properties","widget":null,"values":[],"order":0,"required":false},{"name":"inputs","description":"","type":"stringlist","widget":null,"values":[],"order":0,"required":false},{"name":"model_end_date","description":"","type":"date","widget":null,"values":[],"order":0,"required":false},{"name":"model_id","description":"","type":"string","widget":null,"values":[],"order":0,"required":false},{"name":"model_name","description":"","type":"string","widget":null,"values":[],"order":0,"required":false},{"name":"model_start_date","description":"","type":"date","widget":null,"values":[],"order":0,"required":false},{"name":"outputProperties","description":"","type":"properties","widget":null,"values":[],"order":0,"required":false},{"name":"outputs","description":"","type":"stringlist","widget":null,"values":[],"order":0,"required":false},{"name":"split","description":"","type":"int","widget":null,"values":[],"order":0,"required":false}]},{"id":"AI.DatasetStats","enabled":true,"aliases":[],"signature":["void","blob"],"category":"Services","label":"Statistics on a dataset","requires":null,"since":"","description":"Return statistics on a set of documents expressed by a NXQL query.","params":[{"name":"query","description":"","type":"string","widget":null,"values":[],"order":0,"required":true},{"name":"inputProperties","description":"","type":"properties","widget":null,"values":[],"order":0,"required":false},{"name":"inputs","description":"","type":"stringlist","widget":null,"values":[],"order":0,"required":false},{"name":"outputProperties","description":"","type":"properties","widget":null,"values":[],"order":0,"required":false},{"name":"outputs","description":"","type":"stringlist","widget":null,"values":[],"order":0,"required":false}]},{"id":"AI.DatasetUpload","enabled":true,"aliases":[],"signature":["document","void","document","void","void","void"],"category":"Services","label":"Upload a dataset","requires":null,"since":"","description":"Uploads the dataset specified in a dataset_export document.","params":[{"name":"document","description":"A dataset_export document","type":"document","widget":null,"values":[],"order":0,"required":false}]},{"id":"AI.GetModel","enabled":true,"aliases":[],"signature":["void","jsonblob"],"category":"Services","label":"Retrieve AI Model","requires":null,"since":"","description":"Executes REST call to AI Services to get all AI models available","params":[]},{"id":"AI.ExportStatus","enabled":true,"aliases":[],"signature":["void","list"],"category":"Services","label":"Retrieve AI Model","requires":null,"since":"","description":"Executes REST call to AI Services to get all AI models available","params":[{"name":"global","description":"","type":"boolean","widget":null,"values":[],"order":0,"required":false},{"name":"limit","description":"","type":"int","widget":null,"values":[],"order":0,"required":false}]},{"id":"AI.ExportInterrupt","enabled":true,"aliases":[],"signature":["void","boolean"],"category":"Services","label":"Interrupt AI Dataset Export","requires":null,"since":"","description":"Interrupts a running dataset export","params":[{"name":"commandId","description":"","type":"string","widget":null,"values":[],"order":0,"required":true}]},{"id":"AI.ExportRestart","enabled":true,"aliases":[],"signature":["void","string"],"category":"Services","label":"Restart AI Dataset Export","requires":null,"since":"","description":"Restarts an aborted/completed dataset export","params":[{"name":"commandId","description":"","type":"string","widget":null,"values":[],"order":0,"required":true}]},{"id":"AI.ExportProgress","enabled":true,"aliases":[],"signature":["void","bulkprogressstatus"],"category":"Others","label":"AI.ExportProgress","requires":null,"since":"","description":"","params":[{"name":"modelId","description":"","type":"string","widget":null,"values":[],"order":0,"required":true}]},{"id":"AI.StartExport","enabled":true,"aliases":[],"signature":["void","void"],"category":"Local Configuration","label":"Start Export","requires":null,"since":"","description":"Start Export Operation","params":[]},{"id":"AI.Suggestion","enabled":true,"aliases":[],"signature":["document","blob","document","blob"],"category":"Document","label":"Ask for a suggestion.","requires":null,"since":"","description":"Calls intelligent services on the provided document and returns suggested metadata.","params":[{"name":"references","description":"Should the entity references be resolved?","type":"boolean","widget":null,"values":[],"order":0,"required":false},{"name":"updatedDocument","description":"Document with changes done on client side before saving","type":"document","widget":null,"values":[],"order":0,"required":false}]},{"id":"AI.FetchInsightURI","enabled":true,"aliases":[],"signature":["void","blob"],"category":"Document","label":"Fetching Insight URI","requires":null,"since":"","description":"Fetching Insight URI for the current Nuxeo instance","params":[]},{"id":"AI.FetchDocsToAnnotate","enabled":true,"aliases":[],"signature":["void","blob"],"category":"Document","label":"AI.FetchDocsToAnnotate","requires":null,"since":"","description":"Fetch document(s) content given properties","params":[{"name":"inputs","description":"","type":"stringlist","widget":null,"values":[],"order":0,"required":true},{"name":"outputs","description":"","type":"stringlist","widget":null,"values":[],"order":0,"required":true},{"name":"uids","description":"","type":"stringlist","widget":null,"values":[],"order":0,"required":true}]},{"id":"AI.DeduplicationIndexOperation","enabled":true,"aliases":[],"signature":["document","response","documents","response"],"category":"AI","label":"Dedup Index Operation","requires":null,"since":"","description":"Index document(s) with a given xpath in dedup index on insight","params":[{"name":"xpath","description":"","type":"string","widget":null,"values":[],"order":0,"required":true}]},{"id":"AI.DeduplicationDeleteIndexOperation","enabled":true,"aliases":[],"signature":["document","response","documents","response"],"category":"AI","label":"Delete Dedup Index Operation","requires":null,"since":"","description":"Remove document(s) with an optional xpath from dedup index on insight","params":[{"name":"xpath","description":"","type":"string","widget":null,"values":[],"order":0,"required":false}]},{"id":"AI.DeduplicationFindSimilar","enabled":true,"aliases":[],"signature":["blob","list","document","list","void","list"],"category":"AI","label":"Find duplicate documents","requires":null,"since":"","description":"","params":[{"name":"batchId","description":"Batch id required when running this operation without any input","type":"string","widget":null,"values":[],"order":0,"required":false},{"name":"distance","description":"","type":"int","widget":null,"values":[],"order":0,"required":false},{"name":"fileId","description":"File id required when running this operation without any input (with batchId)","type":"string","widget":null,"values":[],"order":0,"required":false},{"name":"xpath","description":"","type":"string","widget":null,"values":[],"order":0,"required":false}]},{"id":"AI.ProcessDuplicates","enabled":true,"aliases":[],"signature":["void","void"],"category":"AI","label":"Schedules Deduplication using Insight","requires":null,"since":"","description":"Operation submits a new deduplication task into Nuxeo Stream","params":[]},{"id":"AI.DeduplicationResolverOperation","enabled":true,"aliases":[],"signature":["document","void"],"category":"AI","label":"Default Deduplication resolver","requires":null,"since":"","description":"","params":[{"name":"similar","description":"","type":"set","widget":null,"values":[],"order":0,"required":true},{"name":"xpath","description":"","type":"string","widget":null,"values":[],"order":0,"required":true}]},{"id":"AI.DeduplicationIndexRepository","enabled":true,"aliases":[],"signature":["void","string"],"category":"AI","label":"Run Index BAF","requires":null,"since":"","description":"Schedules an Index Action on Bulk Action Framework; allowed to be executed only by Administrators","params":[{"name":"reindex","description":"","type":"boolean","widget":null,"values":[],"order":0,"required":false}]},{"id":"AI.DeduplicationIndexProgress","enabled":true,"aliases":[],"signature":["void","bulkprogressstatus"],"category":"AI","label":"Get Indexing progress","requires":null,"since":"","description":"","params":[{"name":"id","description":"BAF job ID","type":"string","widget":null,"values":[],"order":0,"required":false}]},{"id":"AI.GetAssetCounts","enabled":true,"aliases":[],"signature":["void","response"],"category":"AI","label":"Gets Asset Counts","requires":null,"since":"","description":"Gets asset counts (indexed/not indexed)","params":[]}],"doctypes":{"DocTypesPP":{"parent":"Document","schemas":["doctypes_pp_schema"],"enabled":true,"facets":[]},"ExtraFile":{"parent":"File","schemas":["extrafile"],"enabled":true,"facets":[]},"ExtraPicture":{"parent":"Picture","schemas":["extrafile"],"enabled":true,"facets":[]},"DatasetExport":{"parent":"Document","schemas":["dataset_export","dublincore","common","uid"],"enabled":true,"facets":["HiddenInNavigation","HiddenInCreation","Commentable"]}},"schemas":{"caption":{"@prefix":"cap","captions":{"type":"complex","fields":{"caption":{"type":"complex","fields":{"lang":"string","vtt":{"type":"complex","fields":{"encoding":"string","mime-type":"string","data":"binary","name":"string","length":"long","digest":"string"}}}}}}},"enrichment":{"@prefix":"enrichment","items":{"type":"complex","fields":{"item":{"type":"complex","fields":{"model":"string","raw":{"type":"complex","fields":{"encoding":"string","mime-type":"string","data":"binary","name":"string","length":"long","digest":"string"}},"normalized":{"type":"complex","fields":{"encoding":"string","mime-type":"string","data":"binary","name":"string","length":"long","digest":"string"}},"inputProperties":"stringList","suggestions":{"type":"complex","fields":{"suggestion":{"type":"complex","fields":{"property":"string","labels":{"type":"complex","fields":{"value":{"type":"complex","fields":{"label":"string","confidence":"float","timestamp":"long"}}}}}}}}}}}},"filled":{"type":"complex","fields":{"prediction":{"type":"complex","fields":{"xpath":"string","model":"string"}}}},"corrected":{"type":"complex","fields":{"prediction":{"type":"complex","fields":{"xpath":"string","model":"string"}}}},"history":{"type":"complex","fields":{"encoding":"string","mime-type":"string","data":"binary","name":"string","length":"long","digest":"string"}}},"doctypes_pp_schema":{"@prefix":"doctypes_pp_schema","doctypes_agg":"string","filled_agg":"string","corrected_agg":"string","doctypes":"string"},"extrafile":{"@prefix":"extrafile","docprop":"string"},"dataset_export":{"@prefix":"dataset_export","model_id":"string","corporaId":"string","model_name":"string","model_start_date":"dateTime","model_end_date":"dateTime","query":"string","job_id":"string","batch_id":"string","split":"integer","documents_count":"integer","inputs":{"type":"complex","fields":{"item":"dataset_export_feature"}},"outputs":{"type":"complex","fields":{"item":"dataset_export_feature"}},"training_data":{"type":"complex","fields":{"encoding":"string","mime-type":"string","data":"binary","name":"string","length":"long","digest":"string"}},"evaluation_data":{"type":"complex","fields":{"encoding":"string","mime-type":"string","data":"binary","name":"string","length":"long","digest":"string"}},"statistics":{"type":"complex","fields":{"encoding":"string","mime-type":"string","data":"binary","name":"string","length":"long","digest":"string"}}},"deduplication":{"@prefix":"dedup","history":{"type":"complex","fields":{"prediction":{"type":"complex","fields":{"xpath":"string","index":"boolean","date":"date"}}}}}},"directories":[],"events":{"ENRICHMENT_MODIFIED":"Enrichment modified","startContinuousExport":"Start continuous export","invalidateModelDefinitions":"Invalidate model definitions","pictureViewsGenerationDone":"Picture views generation done","documentIndexed":"Document indexed","jwtGenerationScheduled":"Jwt generation scheduled"}}