{"operations":[{"id":"HTTPBlobProvider.CreateBlob","enabled":true,"aliases":[],"signature":["document","document","string","blob"],"category":"Services","label":"HTTP BlobProvider: Create Blob","requires":null,"since":"","description":"","params":[{"name":"fileName","description":"","type":"string","widget":null,"values":[],"order":0,"required":true},{"name":"mimeType","description":"","type":"string","widget":null,"values":[],"order":0,"required":true},{"name":"blobXPath","description":"","type":"string","widget":null,"values":["file:content"],"order":0,"required":false},{"name":"digest","description":"","type":"string","widget":null,"values":[],"order":0,"required":false},{"name":"encoding","description":"","type":"string","widget":null,"values":[],"order":0,"required":false},{"name":"fileSize","description":"","type":"long","widget":null,"values":[],"order":0,"required":false},{"name":"provider","description":"","type":"string","widget":null,"values":["http"],"order":0,"required":false},{"name":"save","description":"","type":"boolean","widget":null,"values":[],"order":0,"required":false},{"name":"urlXPath","description":"","type":"string","widget":null,"values":[],"order":0,"required":false}]}]}