{"search_form":{"isPresent":true,"isPresent":true},"facets":[{"schemas":["userinfo","docinfo","registration"],"id":"UserRegistration"},{"schemas":["registrationconfiguration"],"id":"RegistrationConfiguration"}],"doctypes":{"UserRegistration":{"parent":"File","schemas":[],"enabled":true,"facets":["UserRegistration","HiddenInNavigation"]},"UserRegistrationContainer":{"parent":"Workspace","schemas":[],"enabled":true,"facets":["HiddenInNavigation"]}},"schemas":{"docinfo":{"@prefix":"docinfo","documentId":"string","documentTitle":"string","permission":"string","creator":"string","begin":"date","end":"date"}},"events":{"registrationValidated":"Registration validated"}}