{"events":{"asyncRekognitionLabelSuccess":"Async rekognition label success","asyncRekognitionLabelFailure":"Async rekognition label failure","asyncRekognitionFaceSuccess":"Async rekognition face success","asyncRekognitionFaceFailure":"Async rekognition face failure","asyncRekognitionUnsafeFailure":"Async rekognition unsafe failure","asyncRekognitionUnsafeSuccess":"Async rekognition unsafe success","asyncRekognitionCelebritiesFailure":"Async rekognition celebrities failure","asyncRekognitionCelebritiesSuccess":"Async rekognition celebrities success","asyncRekognitionSegmentSuccess":"Async rekognition segment success","asyncRekognitionSegmentFailure":"Async rekognition segment failure","ENRICHMENT_MODIFIED":"Enrichment modified"}}