{"vocabularies":[{"parent":null,"id":"VOC_GenAiImageStyle","hierarchical":false}],"operations":[{"id":"GenerativeAi.GenerateImage","aliases":[],"signature":["void","blob"],"category":"GenerativeAi","label":"Generate an image","requires":null,"since":"","description":"Generate an image based on given conditions","params":[{"name":"prompt","description":"","type":"string","widget":null,"values":[],"order":0,"required":true},{"name":"style","description":"","type":"string[]","widget":null,"values":[],"order":0,"required":false}]}]}