<install>
  <update upgradeOnly="true" file="${package.root}/install/bundlesupdate/lib" todir="${env.server.home}/lib" />
  <update upgradeOnly="true" file="${package.root}/install/bundlesupdate/nxserver/bundles" todir="${env.server.home}/nxserver/bundles" />
  <update file="${package.root}/install/bundlesadd/." todir="${env.server.home}/." />
  <copy overwrite="true" file="${package.root}/install/bin/nuxeo-launcher-2023.14.23-jar-with-dependencies.jar" tofile="${env.server.home}/bin/nuxeo-launcher.jar" />
  <copy overwrite="true" file="${package.root}/templates" todir="${env.server.home}" />
  <update file="${package.root}/install/tomcatupdate/bin" todir="${env.server.home}/bin" />
  <update file="${package.root}/install/tomcatupdate/lib" todir="${env.server.home}/lib" />
  <delete file="${env.server.home}/nxserver/lib/tomcat-juli-9.0.89.jar" />
  <delete file="${env.server.home}/nxserver/lib/tomcat-jdbc-9.0.89.jar" />
  <update file="${package.root}/install/libsadd/nxserver/lib" todir="${env.server.home}/nxserver/lib" />
  <update allowDowngrade="true" upgradeOnly="true" file="${package.root}/install/libsupdate/nxserver/lib" todir="${env.server.home}/nxserver/lib" />
  <update allowDowngrade="true" upgradeOnly="true" file="${package.root}/install/libsupdate/lib" todir="${env.server.home}/lib" />
  <delete file="${env.server.home}/nxserver/lib/bcpkix-jdk15on-1.69.jar" />
  <delete file="${env.server.home}/nxserver/lib/bcprov-jdk15on-1.69.jar" />
  <delete file="${env.server.home}/nxserver/lib/bcutil-jdk15on-1.69.jar" />
</install>
