{"images":[{"name":"facebook.svg","resourceType":"IMAGE"},{"name":"youtube.svg","resourceType":"IMAGE"}],"facets":[{"schemas":["publishable_media"],"id":"PublishableMedia"}],"operations":[{"id":"MediaPublish","enabled":true,"aliases":[],"signature":["document","document"],"category":"Services","label":"Publish Media","requires":null,"since":"","description":"Publish a Media File to an external service","params":[{"name":"service","description":"External service ID","type":"string","widget":null,"values":[],"order":0,"required":true},{"name":"serviceLogin","description":"External service ID","type":"string","widget":null,"values":[],"order":0,"required":true},{"name":"options","description":"Publishing options","type":"properties","widget":null,"values":[],"order":0,"required":false},{"name":"xpath","description":"File xpath","type":"string","widget":null,"values":[],"order":0,"required":false}]},{"id":"MediaUnpublish","enabled":true,"aliases":[],"signature":["document","document"],"category":"Services","label":"Unpublish Media","requires":null,"since":"","description":"Unpublish a Media File from an external service","params":[{"name":"service","description":"External service ID","type":"string","widget":null,"values":[],"order":0,"required":true}]}],"schemas":{"publishable_media":{"@prefix":"pm","providers":{"type":"complex","fields":{"provider":"provider"}}}}}