{
  "analysis": {
    "filter": {
      "truncate_filter": {
        "length": 256,
        "type": "truncate"
      }
    },
    "tokenizer": {
      "hash_tokenizer": {
        "type": "pattern",
        "group": 0,
        "pattern": "(.{3})"
      }
    },
    "analyzer": {
      "default": {
        "type": "custom",
        "tokenizer": "keyword",
        "filter": [
          "truncate_filter"
        ]
      },
      "hash_analyzer": {
        "type": "custom",
        "tokenizer": "hash_tokenizer"
      }
    }
  }
}
