{"operations":[{"id":"CreatePublicDownloadLink","enabled":true,"aliases":[],"signature":["document","blob"],"category":"Document","label":"Get a public download url","requires":null,"since":"","description":"Get a public download url","params":[{"name":"begin","description":"Public link start date","type":"date","widget":null,"values":[],"order":0,"required":false},{"name":"end","description":"Public link end date","type":"date","widget":null,"values":[],"order":0,"required":false},{"name":"replace","description":"Replace an existing eprmission, if any","type":"boolean","widget":null,"values":[],"order":0,"required":false},{"name":"save","description":"Set to true to save the document","type":"boolean","widget":null,"values":[],"order":0,"required":false},{"name":"xpath","description":"File xpath","type":"string","widget":null,"values":[],"order":0,"required":false}]},{"id":"RevokePublicDownloadLink","enabled":true,"aliases":[],"signature":["document","document"],"category":"Document","label":"Revoke a public download url","requires":null,"since":"","description":"Revoke a public download url","params":[{"name":"all","description":"Set to true to revoke all links","type":"boolean","widget":null,"values":[],"order":0,"required":false},{"name":"save","description":"Set to true to save the document","type":"boolean","widget":null,"values":[],"order":0,"required":false},{"name":"xpath","description":"File xpath","type":"string","widget":null,"values":[],"order":0,"required":false}]}]}