{"operations":[{"id":"ComposablePrompts.ExecInteraction","enabled":true,"aliases":[],"signature":["void","blob"],"category":"ComposablePrompts","label":"Execute Composable Prompts Interaction","requires":null,"since":"","description":"Call the Composable Prompts service to run an interaction","params":[{"name":"environmentId","description":"","type":"string","widget":null,"values":[],"order":0,"required":true},{"name":"interactionId","description":"","type":"string","widget":null,"values":[],"order":0,"required":true},{"name":"interactionInput","description":"","type":"string","widget":null,"values":[],"order":0,"required":true},{"name":"max_tokens","description":"","type":"string","widget":null,"values":[],"order":0,"required":false},{"name":"modelId","description":"","type":"string","widget":null,"values":[],"order":0,"required":false},{"name":"tags","description":"","type":"list","widget":null,"values":[],"order":0,"required":false},{"name":"temperature","description":"","type":"string","widget":null,"values":[],"order":0,"required":false}]},{"id":"ComposablePrompts.GetEmbedding","enabled":true,"aliases":[],"signature":["void","blob"],"category":"ComposablePrompts","label":"Get Embedding","requires":null,"since":"","description":"Call the Composable Prompts service to get the Embedding","params":[{"name":"environmentId","description":"","type":"string","widget":null,"values":[],"order":0,"required":true},{"name":"textInput","description":"","type":"string","widget":null,"values":[],"order":0,"required":true}]}]}