{"vocabularies":[{"parent":null,"id":"RetentionEnd","hierarchical":false},{"parent":null,"id":"RetentionEvent","hierarchical":false}],"page_providers":["retention_search"],"facets":[{"schemas":["retention_rule","retention_definition"],"id":"RetentionRule"},{"schemas":["record"],"id":"Record"}],"structure-template":{"RetentionRulesFactory":{"enabled":true}},"operations":[{"id":"Document.Hold","enabled":true,"aliases":[],"signature":["documents","document","documents","document"],"category":"Retention","label":"Apply Legal Hold","requires":null,"since":"","description":"Turn the input document into a record and set a legal hold on it. Returns back the hold document.","params":[{"name":"description","description":"Optional description of the hold","type":"string","widget":null,"values":[],"order":0,"required":false}]},{"id":"Document.Retain","enabled":true,"aliases":[],"signature":["documents","document","documents","document"],"category":"Retention","label":"Set as Record and Retain Until","requires":null,"since":"","description":"Turn the input document into a record and retain it until the until date. Returns back the retained document.","params":[{"name":"flexible","description":"If true and if the document is not already a record, it will be turned into a flexible record, enforced otherwise","type":"boolean","widget":null,"values":[],"order":0,"required":false},{"name":"until","description":"If empty, the input document will be retained indeterminately","type":"date","widget":null,"values":[],"order":0,"required":false}]},{"id":"Document.Unhold","enabled":true,"aliases":[],"signature":["documents","document","documents","document"],"category":"Document","label":"Remove Legal Hold","requires":null,"since":"","description":"Remove a legal hold on the input document. Returns back the unhold document.","params":[]},{"id":"Retention.AttachRule","enabled":true,"aliases":[],"signature":["documents","document"],"category":"Retention","label":"Attach Retention Rule","requires":null,"since":"","description":"Attach the given retention rule to the input document. The document becomes a record and the main blob cannot be updated","params":[{"name":"rule","description":"","type":"document","widget":null,"values":[],"order":0,"required":true}]},{"id":"Document.UnattachRetentionRule","enabled":true,"aliases":[],"signature":["documents","document"],"category":"Retention","label":"Unattach Retention Rule and stop retention","requires":null,"since":"","description":" Unattaches the retention rule on a flexible Record document. Stops the current retention on the record document. Returns back the unretained record document.","params":[]},{"id":"Retention.FireEvent","enabled":true,"aliases":[],"signature":["void","void"],"category":"Retention","label":"Fire Retention Event","requires":null,"since":"","description":"Fire a retention business related event. The record needs to be attached to a event based retention rule","params":[{"name":"name","description":"","type":"string","widget":null,"values":[],"order":0,"required":true},{"name":"audit","description":"","type":"boolean","widget":null,"values":[],"order":0,"required":false}]}],"doctypes":{"RetentionSearch":{"parent":"SavedSearch","schemas":["retention_search"],"enabled":true,"facets":["ContentViewDisplay"]},"RetentionRule":{"parent":"Document","schemas":["uid","dublincore","common"],"enabled":true,"facets":["Versionable","NotCollectionMember","NXTag","RetentionRule"]},"RetentionRules":{"parent":"OrderedFolder","schemas":[],"enabled":true,"facets":["SuperSpace","HiddenInCreation","HiddenInNavigation","NotCollectionMember"]}},"permissions":{"ManageRecord":"Manage record","ManageLegalHold":"Manage legal hold"},"schemas":{"retention_rule":{"@prefix":"retention_rule","applicationPolicy":"string","enabled":"boolean","flexibleRecords":"boolean","docTypes":"stringList"},"retention_definition":{"@prefix":"retention_def","durationDays":"long","durationMonths":"long","durationYears":"long","durationMillis":"long","expression":"string","startingPointPolicy":"string","startingPointEvent":"string","startingPointExpression":"string","startingPointValue":"string","metadataXPath":"string","beginActions":"string","endActions":"string"},"record":{"@prefix":"record","ruleIds":"string","retainUntil":"date"},"retention_search":{"@prefix":"retention_search","ecm_fulltext":"string","dc_creator":"stringList","doc_type_agg":"stringList","record_retain_agg":"stringList","ecm_retain_agg":"stringList","rules_agg":"stringList"}},"directories":[],"events":{"retentionExpired":"Retention expired"}}