{"operations":[{"id":"OutlookConnect.RenderMetadata","aliases":[],"signature":["document","blob"],"category":"OutlookConnect","label":"OutlookConnect.RenderMetadata","requires":null,"since":null,"description":null,"params":[{"name":"lang","description":null,"type":"String","widget":null,"values":[],"order":0,"required":false},{"name":"doctype","description":null,"type":"String","widget":null,"values":[],"order":0,"required":false}]}],"schemas":{"license-tokens-schema":{"id":"string","tokenid":"string","username":"string","clientid":"string","creationtime":"dateTime","expirationtime":"dateTime"},"license-licenses-schema":{"licenseid":"string","licensestring":"string"}},"events":{"directoryCleanupEvent":"Directory Cleanup Event"},"facets":[{"schemas":["mail"],"id":"Mail"},{"schemas":["file"],"id":"MailFile"}]}