<install>
  <update upgradeOnly="true" file="${package.root}/install/bundlesupdate/nxserver/lib" todir="${env.server.home}/nxserver/lib" />
  <update upgradeOnly="true" file="${package.root}/install/bundlesupdate/lib" todir="${env.server.home}/lib" />
  <update upgradeOnly="true" file="${package.root}/install/bundlesupdate/nxserver/bundles" todir="${env.server.home}/nxserver/bundles" />
  <copy overwrite="true" file="${package.root}/install/bin/nuxeo-launcher-2023.13.9-jar-with-dependencies.jar" tofile="${env.server.home}/bin/nuxeo-launcher.jar" />
  <copy overwrite="true" file="${package.root}/templates" todir="${env.server.home}" />
  <update allowDowngrade="true" upgradeOnly="true" file="${package.root}/install/libsupdate/nxserver/lib" todir="${env.server.home}/nxserver/lib" />
  <update allowDowngrade="true" upgradeOnly="true" file="${package.root}/install/libsupdate/lib" todir="${env.server.home}/lib" />
  <delete file="${env.server.home}/nxserver/lib/jakarta.annotation-api-2.1.1.jar" />
  <delete file="${env.server.home}/nxserver/lib/jakarta.servlet-api-5.0.0.jar" />
  <delete file="${env.server.home}/nxserver/lib/jakarta.transaction-api-1.3.3.jar" />
  <delete file="${env.server.home}/nxserver/lib/jsr250-api-1.0.jar" />
</install>
