{"operations":[{"id":"Document.GetGPSData","enabled":true,"aliases":[],"signature":["document","document"],"category":"Document","label":"Get GPS Data","requires":null,"since":"","description":"Get GPS data using exiftool with the -n switch.","params":[{"name":"latitudeField","description":"","type":"string","widget":null,"values":[],"order":0,"required":false},{"name":"longitudeField","description":"","type":"string","widget":null,"values":[],"order":0,"required":false},{"name":"positionField","description":"","type":"string","widget":null,"values":[],"order":0,"required":false},{"name":"xpath","description":"","type":"string","widget":null,"values":["file:content"],"order":0,"required":false}]}]}