{"page_providers":["default_watermark_suggestion"],"xsds":[{"name":"crops.xsd","resourceType":"XSD"}],"operations":[{"id":"Blob.ImageTransform","enabled":true,"aliases":[],"signature":["blob","blob","document","blob"],"category":"Document","label":"Image Transformation","requires":null,"since":"","description":"Perform image transformation such as crop, resize and format","params":[{"name":"autoCropRatio","description":"","type":"string","widget":null,"values":[],"order":0,"required":false},{"name":"backgroundColor","description":"","type":"string","widget":null,"values":[],"order":0,"required":false},{"name":"colorSpace","description":"","type":"string","widget":null,"values":[],"order":0,"required":false},{"name":"compressionLevel","description":"","type":"int","widget":null,"values":[],"order":0,"required":false},{"name":"crop","description":"","type":"string","widget":null,"values":[],"order":0,"required":false},{"name":"format","description":"","type":"string","widget":null,"values":[],"order":0,"required":false},{"name":"height","description":"","type":"long","widget":null,"values":[],"order":0,"required":false},{"name":"imageWatermark","description":"","type":"blob","widget":null,"values":[],"order":0,"required":false},{"name":"textWatermark","description":"","type":"string","widget":null,"values":[],"order":0,"required":false},{"name":"watermarkGravity","description":"","type":"string","widget":null,"values":[],"order":0,"required":false},{"name":"watermarkId","description":"","type":"string","widget":null,"values":[],"order":0,"required":false},{"name":"width","description":"","type":"long","widget":null,"values":[],"order":0,"required":false}]},{"id":"Blob.VideoTransform","enabled":true,"aliases":[],"signature":["blob","blob","document","blob"],"category":"Document","label":"Video Transformation","requires":null,"since":"","description":"Perform video transformation such as resize and format change","params":[{"name":"audioCodec","description":"","type":"string","widget":null,"values":[],"order":0,"required":false},{"name":"autoCropRatio","description":"","type":"string","widget":null,"values":[],"order":0,"required":false},{"name":"compressionLevel","description":"","type":"int","widget":null,"values":[],"order":0,"required":false},{"name":"crop","description":"","type":"string","widget":null,"values":[],"order":0,"required":false},{"name":"format","description":"","type":"string","widget":null,"values":[],"order":0,"required":false},{"name":"height","description":"","type":"long","widget":null,"values":[],"order":0,"required":false},{"name":"imageWatermark","description":"","type":"blob","widget":null,"values":[],"order":0,"required":false},{"name":"textWatermark","description":"","type":"string","widget":null,"values":[],"order":0,"required":false},{"name":"videoCodec","description":"","type":"string","widget":null,"values":[],"order":0,"required":false},{"name":"watermarkGravity","description":"","type":"string","widget":null,"values":[],"order":0,"required":false},{"name":"watermarkId","description":"","type":"string","widget":null,"values":[],"order":0,"required":false},{"name":"width","description":"","type":"long","widget":null,"values":[],"order":0,"required":false}]},{"id":"Picture.AddView","enabled":true,"aliases":[],"signature":["document","document"],"category":"Document","label":"Add Picture View","requires":null,"since":"","description":"Add an picture view to a document which holds the Picture Facet","params":[{"name":"blob","description":"","type":"blob","widget":null,"values":[],"order":0,"required":true},{"name":"viewDescription","description":"","type":"string","widget":null,"values":[],"order":0,"required":true},{"name":"viewTitle","description":"","type":"string","widget":null,"values":[],"order":0,"required":true},{"name":"save","description":"","type":"boolean","widget":null,"values":[],"order":0,"required":false}]},{"id":"javascript.api_save_rendition","enabled":true,"aliases":[],"signature":["document","document"],"category":"javascript","label":"javascript.api_save_rendition","requires":null,"since":null,"description":"","params":[{"name":"format","description":null,"type":"string","widget":null,"values":[],"order":0,"required":false},{"name":"width","description":null,"type":"string","widget":null,"values":[],"order":0,"required":false},{"name":"height","description":null,"type":"string","widget":null,"values":[],"order":0,"required":false},{"name":"crop","description":null,"type":"string","widget":null,"values":[],"order":0,"required":false},{"name":"autoCropRatio","description":null,"type":"string","widget":null,"values":[],"order":0,"required":false},{"name":"renditionName","description":null,"type":"string","widget":null,"values":[],"order":0,"required":false},{"name":"derivativeName","description":null,"type":"string","widget":null,"values":[],"order":0,"required":false},{"name":"saveAsDerivative","description":null,"type":"string","widget":null,"values":[],"order":0,"required":false}]}],"schemas":{"crops":{"@prefix":"crops","crops":{"type":"complex","fields":{"item":{"type":"complex","fields":{"name":"string","width":"integer","height":"integer","top":"integer","left":"integer","source":"string"}}}}}}}