{"vocabularies":[{"parent":null,"id":"AssetType","hierarchical":false},{"parent":"Product","id":"Product","hierarchical":true},{"parent":null,"id":"ReviewStatus","hierarchical":false}],"images":[{"name":"doc_asset_32.png","resourceType":"IMAGE"},{"name":"doc_asset_64.png","resourceType":"IMAGE"},{"name":"ic_insert_link_black_24dp_1x.png","resourceType":"IMAGE"},{"name":"ic_insert_link_black_24dp_2x.png","resourceType":"IMAGE"}],"csvs":[{"name":"AssetType.csv","resourceType":"CSV"},{"name":"Product.csv","resourceType":"CSV"},{"name":"ReviewStatus.csv","resourceType":"CSV"}],"i18ns":[{"name":"messages-fr.json","resourceType":"I18N"},{"name":"messages.json","resourceType":"I18N"},{"name":"messages.properties","resourceType":"I18N"},{"name":"messages_fr.properties","resourceType":"I18N"}],"page_providers":["docAssetSearchProvider"],"xsds":[{"name":"docasset.xsd","resourceType":"XSD"},{"name":"document_asset.xsd","resourceType":"XSD"}],"operations":[{"id":"docAssetRenditionChain","enabled":true,"aliases":[],"signature":["documents","documents","documents","document","documents","blob","documents","bloblist","documents","void","document","documents","document","document","document","blob","document","bloblist","document","void","blob","documents","blob","document","blob","blob","blob","bloblist","blob","void","bloblist","documents","bloblist","document","bloblist","blob","bloblist","bloblist","bloblist","void","void","documents","void","document","void","blob","void","bloblist","void","void"],"category":"Chain","label":"docAssetRenditionChain","requires":null,"since":"","description":null,"params":[]},{"id":"javascript.docAssetRendition","enabled":true,"aliases":[],"signature":["document","blob"],"category":"javascript","label":"javascript.docAssetRendition","requires":null,"since":null,"description":"","params":[]}],"doctypes":{"docAsset":{"parent":"File","schemas":["docasset","document_asset"],"enabled":true,"facets":["Picture"]}},"schemas":{"docasset":{"@prefix":"docasset"},"document_asset":{"@prefix":"doc_asset","how_to_capture":"string","nature":"string","product":"string","review_status":"string"}},"directories":[]}